[{"model": "admin.logentry", "pk": 1, "fields": {"action_time": "2023-09-02T15:40:12.806Z", "user": 1, "content_type": 4, "object_id": "1", "object_repr": "jortega", "action_flag": 2, "change_message": "[{\"changed\": {\"fields\": [\"First name\", \"Last name\"]}}]"}}, {"model": "admin.logentry", "pk": 2, "fields": {"action_time": "2023-09-02T22:10:59.080Z", "user": 1, "content_type": 7, "object_id": "1", "object_repr": "Juanito Ortega", "action_flag": 1, "change_message": "[{\"added\": {}}]"}}, {"model": "admin.logentry", "pk": 3, "fields": {"action_time": "2023-09-02T22:31:56.681Z", "user": 1, "content_type": 7, "object_id": "1", "object_repr": "Juanito Ortega", "action_flag": 2, "change_message": "[{\"changed\": {\"fields\": [\"Foto\"]}}]"}}, {"model": "admin.logentry", "pk": 4, "fields": {"action_time": "2023-09-02T23:03:04.110Z", "user": 1, "content_type": 7, "object_id": "1", "object_repr": "Carlos Mendez", "action_flag": 2, "change_message": "[{\"changed\": {\"fields\": [\"Nombres\", \"Apellidos\"]}}]"}}, {"model": "admin.logentry", "pk": 5, "fields": {"action_time": "2023-09-02T23:04:06.439Z", "user": 1, "content_type": 7, "object_id": "2", "object_repr": "Brandon Miller", "action_flag": 1, "change_message": "[{\"added\": {}}]"}}, {"model": "admin.logentry", "pk": 6, "fields": {"action_time": "2023-09-02T23:05:00.875Z", "user": 1, "content_type": 7, "object_id": "3", "object_repr": "Michelle Rodriguez", "action_flag": 1, "change_message": "[{\"added\": {}}]"}}, {"model": "admin.logentry", "pk": 7, "fields": {"action_time": "2023-09-02T23:06:02.996Z", "user": 1, "content_type": 7, "object_id": "4", "object_repr": "Martin Smith", "action_flag": 1, "change_message": "[{\"added\": {}}]"}}, {"model": "admin.logentry", "pk": 8, "fields": {"action_time": "2023-09-02T23:10:08.754Z", "user": 1, "content_type": 7, "object_id": "5", "object_repr": "Juan Smith", "action_flag": 1, "change_message": "[{\"added\": {}}]"}}, {"model": "admin.logentry", "pk": 9, "fields": {"action_time": "2023-09-02T23:18:19.009Z", "user": 1, "content_type": 7, "object_id": "5", "object_repr": "Juan Smith", "action_flag": 2, "change_message": "[{\"changed\": {\"fields\": [\"Instagram\"]}}]"}}, {"model": "admin.logentry", "pk": 10, "fields": {"action_time": "2023-09-02T23:19:12.656Z", "user": 1, "content_type": 7, "object_id": "4", "object_repr": "Martin Smith", "action_flag": 2, "change_message": "[{\"changed\": {\"fields\": [\"Facebook\"]}}]"}}, {"model": "admin.logentry", "pk": 11, "fields": {"action_time": "2023-09-02T23:19:19.806Z", "user": 1, "content_type": 7, "object_id": "3", "object_repr": "Michelle Rodriguez", "action_flag": 2, "change_message": "[{\"changed\": {\"fields\": [\"Facebook\", \"Twitter\", \"Instagram\"]}}]"}}, {"model": "admin.logentry", "pk": 12, "fields": {"action_time": "2023-09-02T23:19:57.539Z", "user": 1, "content_type": 7, "object_id": "1", "object_repr": "Carlos Mendez", "action_flag": 2, "change_message": "[{\"changed\": {\"fields\": [\"Facebook\", \"Instagram\"]}}]"}}, {"model": "admin.logentry", "pk": 13, "fields": {"action_time": "2023-09-03T06:00:19.969Z", "user": 1, "content_type": 8, "object_id": "1", "object_repr": "Juan Misael", "action_flag": 1, "change_message": "[{\"added\": {}}]"}}, {"model": "admin.logentry", "pk": 14, "fields": {"action_time": "2023-09-03T06:03:16.771Z", "user": 1, "content_type": 8, "object_id": "2", "object_repr": "Claudia Mendez", "action_flag": 1, "change_message": "[{\"added\": {}}]"}}, {"model": "admin.logentry", "pk": 15, "fields": {"action_time": "2023-09-03T06:03:59.558Z", "user": 1, "content_type": 8, "object_id": "3", "object_repr": "Misael Gutierrez", "action_flag": 1, "change_message": "[{\"added\": {}}]"}}, {"model": "admin.logentry", "pk": 16, "fields": {"action_time": "2023-09-03T06:04:55.500Z", "user": 1, "content_type": 8, "object_id": "4", "object_repr": "Claudia Lampe", "action_flag": 1, "change_message": "[{\"added\": {}}]"}}, {"model": "admin.logentry", "pk": 17, "fields": {"action_time": "2023-09-03T06:05:44.049Z", "user": 1, "content_type": 8, "object_id": "5", "object_repr": "Lorena Perez", "action_flag": 1, "change_message": "[{\"added\": {}}]"}}, {"model": "admin.logentry", "pk": 18, "fields": {"action_time": "2023-09-03T13:08:07.620Z", "user": 1, "content_type": 9, "object_id": "1", "object_repr": "Lamborghini Huracán", "action_flag": 1, "change_message": "[{\"added\": {}}]"}}, {"model": "admin.logentry", "pk": 19, "fields": {"action_time": "2023-09-03T13:14:25.307Z", "user": 1, "content_type": 8, "object_id": "5", "object_repr": "Lorena Perez", "action_flag": 2, "change_message": "[{\"changed\": {\"fields\": [\"Foto\"]}}]"}}, {"model": "admin.logentry", "pk": 20, "fields": {"action_time": "2023-09-03T13:14:36.606Z", "user": 1, "content_type": 8, "object_id": "4", "object_repr": "Claudia Lampe", "action_flag": 2, "change_message": "[{\"changed\": {\"fields\": [\"Foto\"]}}]"}}, {"model": "admin.logentry", "pk": 21, "fields": {"action_time": "2023-09-03T13:14:43.721Z", "user": 1, "content_type": 8, "object_id": "3", "object_repr": "Misael Gutierrez", "action_flag": 2, "change_message": "[{\"changed\": {\"fields\": [\"Foto\"]}}]"}}, {"model": "admin.logentry", "pk": 22, "fields": {"action_time": "2023-09-03T13:14:52.651Z", "user": 1, "content_type": 8, "object_id": "2", "object_repr": "Claudia Mendez", "action_flag": 2, "change_message": "[{\"changed\": {\"fields\": [\"Foto\"]}}]"}}, {"model": "admin.logentry", "pk": 23, "fields": {"action_time": "2023-09-03T13:15:07.725Z", "user": 1, "content_type": 8, "object_id": "1", "object_repr": "Juan Misael", "action_flag": 2, "change_message": "[{\"changed\": {\"fields\": [\"Foto\"]}}]"}}, {"model": "admin.logentry", "pk": 24, "fields": {"action_time": "2023-09-03T15:07:14.702Z", "user": 1, "content_type": 9, "object_id": "2", "object_repr": "Audi Q7 2018", "action_flag": 1, "change_message": "[{\"added\": {}}]"}}, {"model": "admin.logentry", "pk": 25, "fields": {"action_time": "2023-09-03T15:36:24.176Z", "user": 1, "content_type": 9, "object_id": "15", "object_repr": "Hyundai Tucson 2022", "action_flag": 2, "change_message": "[{\"changed\": {\"fields\": [\"Descripci\\u00f3n\", \"Foto destacada\"]}}]"}}, {"model": "admin.logentry", "pk": 26, "fields": {"action_time": "2023-09-03T15:36:37.319Z", "user": 1, "content_type": 9, "object_id": "14", "object_repr": "Renault Duster 2021", "action_flag": 2, "change_message": "[{\"changed\": {\"fields\": [\"Descripci\\u00f3n\", \"Foto destacada\"]}}]"}}, {"model": "admin.logentry", "pk": 27, "fields": {"action_time": "2023-09-04T00:37:25.391Z", "user": 1, "content_type": 9, "object_id": "15", "object_repr": "Hyundai Tucson 2022", "action_flag": 2, "change_message": "[{\"changed\": {\"fields\": [\"Destacado\"]}}]"}}, {"model": "admin.logentry", "pk": 28, "fields": {"action_time": "2023-09-04T00:37:25.395Z", "user": 1, "content_type": 9, "object_id": "14", "object_repr": "Renault Duster 2021", "action_flag": 2, "change_message": "[{\"changed\": {\"fields\": [\"Destacado\"]}}]"}}, {"model": "admin.logentry", "pk": 29, "fields": {"action_time": "2023-09-04T00:37:25.395Z", "user": 1, "content_type": 9, "object_id": "13", "object_repr": "Nissan Altima 2020", "action_flag": 2, "change_message": "[{\"changed\": {\"fields\": [\"Destacado\"]}}]"}}, {"model": "admin.logentry", "pk": 30, "fields": {"action_time": "2023-09-04T00:37:25.396Z", "user": 1, "content_type": 9, "object_id": "12", "object_repr": "Ford Explorer 2019", "action_flag": 2, "change_message": "[{\"changed\": {\"fields\": [\"Destacado\"]}}]"}}, {"model": "admin.logentry", "pk": 31, "fields": {"action_time": "2023-09-04T00:37:25.397Z", "user": 1, "content_type": 9, "object_id": "11", "object_repr": "Tesla Model 3 2022", "action_flag": 2, "change_message": "[{\"changed\": {\"fields\": [\"Destacado\"]}}]"}}, {"model": "admin.logentry", "pk": 32, "fields": {"action_time": "2023-09-04T00:37:25.397Z", "user": 1, "content_type": 9, "object_id": "7", "object_repr": "Honda Civic 2021", "action_flag": 2, "change_message": "[{\"changed\": {\"fields\": [\"Destacado\"]}}]"}}, {"model": "admin.logentry", "pk": 33, "fields": {"action_time": "2023-09-04T00:37:25.398Z", "user": 1, "content_type": 9, "object_id": "6", "object_repr": "Tesla Model 3 2023", "action_flag": 2, "change_message": "[{\"changed\": {\"fields\": [\"Destacado\"]}}]"}}, {"model": "admin.logentry", "pk": 34, "fields": {"action_time": "2023-09-04T00:39:32.632Z", "user": 1, "content_type": 9, "object_id": "3", "object_repr": "Toyota Camry 2022", "action_flag": 2, "change_message": "[{\"changed\": {\"fields\": [\"Descripci\\u00f3n\", \"Foto destacada\"]}}]"}}, {"model": "admin.logentry", "pk": 35, "fields": {"action_time": "2023-09-04T00:39:51.019Z", "user": 1, "content_type": 9, "object_id": "4", "object_repr": "Ford Mustang GT 2023", "action_flag": 2, "change_message": "[{\"changed\": {\"fields\": [\"Descripci\\u00f3n\", \"Foto destacada\"]}}]"}}, {"model": "admin.logentry", "pk": 36, "fields": {"action_time": "2023-09-04T00:40:05.240Z", "user": 1, "content_type": 9, "object_id": "8", "object_repr": "Volkswagen Golf 2022", "action_flag": 2, "change_message": "[{\"changed\": {\"fields\": [\"Descripci\\u00f3n\", \"Foto destacada\"]}}]"}}, {"model": "admin.logentry", "pk": 37, "fields": {"action_time": "2023-09-04T00:41:19.802Z", "user": 1, "content_type": 9, "object_id": "4", "object_repr": "Ford Mustang GT 2023", "action_flag": 2, "change_message": "[{\"changed\": {\"fields\": [\"Foto destacada\", \"Foto 1\", \"Foto 2\"]}}]"}}, {"model": "admin.logentry", "pk": 38, "fields": {"action_time": "2023-09-04T00:41:56.911Z", "user": 1, "content_type": 9, "object_id": "3", "object_repr": "Toyota Camry 2022", "action_flag": 2, "change_message": "[{\"changed\": {\"fields\": [\"Foto destacada\", \"Foto 1\", \"Foto 2\"]}}]"}}, {"model": "admin.logentry", "pk": 39, "fields": {"action_time": "2023-09-04T00:42:23.887Z", "user": 1, "content_type": 9, "object_id": "3", "object_repr": "Toyota Camry 2022", "action_flag": 2, "change_message": "[{\"changed\": {\"fields\": [\"Foto destacada\"]}}]"}}, {"model": "admin.logentry", "pk": 40, "fields": {"action_time": "2023-09-04T00:50:00.902Z", "user": 1, "content_type": 9, "object_id": "1", "object_repr": "Lamborghini Huracán", "action_flag": 2, "change_message": "[{\"changed\": {\"fields\": [\"Precio normal\"]}}]"}}, {"model": "admin.logentry", "pk": 41, "fields": {"action_time": "2023-09-04T00:51:01.456Z", "user": 1, "content_type": 9, "object_id": "2", "object_repr": "Audi Q7 2018", "action_flag": 2, "change_message": "[{\"changed\": {\"fields\": [\"Precio normal\"]}}]"}}, {"model": "admin.logentry", "pk": 42, "fields": {"action_time": "2023-09-04T00:51:15.379Z", "user": 1, "content_type": 9, "object_id": "3", "object_repr": "Toyota Camry 2022", "action_flag": 2, "change_message": "[{\"changed\": {\"fields\": [\"Precio normal\"]}}]"}}, {"model": "admin.logentry", "pk": 43, "fields": {"action_time": "2023-09-04T00:51:28.681Z", "user": 1, "content_type": 9, "object_id": "4", "object_repr": "Ford Mustang GT 2023", "action_flag": 2, "change_message": "[{\"changed\": {\"fields\": [\"Precio normal\"]}}]"}}, {"model": "admin.logentry", "pk": 44, "fields": {"action_time": "2023-09-04T00:51:41.051Z", "user": 1, "content_type": 9, "object_id": "8", "object_repr": "Volkswagen Golf 2022", "action_flag": 2, "change_message": "[{\"changed\": {\"fields\": [\"Precio normal\"]}}]"}}, {"model": "admin.logentry", "pk": 45, "fields": {"action_time": "2023-09-04T00:51:50.444Z", "user": 1, "content_type": 9, "object_id": "10", "object_repr": "Ford F-150 2021", "action_flag": 2, "change_message": "[{\"changed\": {\"fields\": [\"Precio normal\", \"Descripci\\u00f3n\"]}}]"}}, {"model": "admin.logentry", "pk": 46, "fields": {"action_time": "2023-09-04T01:07:45.014Z", "user": 1, "content_type": 9, "object_id": "8", "object_repr": "Volkswagen Golf 2022", "action_flag": 2, "change_message": "[{\"changed\": {\"fields\": [\"Foto 1\", \"Foto 2\"]}}]"}}, {"model": "admin.logentry", "pk": 47, "fields": {"action_time": "2023-09-04T01:08:09.464Z", "user": 1, "content_type": 9, "object_id": "10", "object_repr": "Ford F-150 2021", "action_flag": 2, "change_message": "[{\"changed\": {\"fields\": [\"Foto 1\", \"Foto 2\"]}}]"}}, {"model": "admin.logentry", "pk": 48, "fields": {"action_time": "2023-09-04T02:39:52.511Z", "user": 1, "content_type": 9, "object_id": "5", "object_repr": "Kia Sportage 2021", "action_flag": 2, "change_message": "[{\"changed\": {\"fields\": [\"Descripci\\u00f3n\", \"Foto 1\", \"Foto 2\"]}}]"}}, {"model": "admin.logentry", "pk": 49, "fields": {"action_time": "2023-09-04T02:40:08.116Z", "user": 1, "content_type": 9, "object_id": "6", "object_repr": "Tesla Model 3 2023", "action_flag": 2, "change_message": "[{\"changed\": {\"fields\": [\"Descripci\\u00f3n\", \"Foto 1\", \"Foto 2\"]}}]"}}, {"model": "admin.logentry", "pk": 50, "fields": {"action_time": "2023-09-04T02:40:22.436Z", "user": 1, "content_type": 9, "object_id": "7", "object_repr": "Honda Civic 2021", "action_flag": 2, "change_message": "[{\"changed\": {\"fields\": [\"Descripci\\u00f3n\", \"Foto 1\", \"Foto 2\"]}}]"}}, {"model": "admin.logentry", "pk": 51, "fields": {"action_time": "2023-09-04T02:40:37.245Z", "user": 1, "content_type": 9, "object_id": "9", "object_repr": "Subaru Outback 2022", "action_flag": 2, "change_message": "[{\"changed\": {\"fields\": [\"Descripci\\u00f3n\", \"Foto 1\", \"Foto 2\"]}}]"}}, {"model": "admin.logentry", "pk": 52, "fields": {"action_time": "2023-09-04T03:12:29.665Z", "user": 1, "content_type": 9, "object_id": "15", "object_repr": "Hyundai Tucson 2022", "action_flag": 2, "change_message": "[{\"changed\": {\"fields\": [\"Foto 3\", \"Foto 4\"]}}]"}}, {"model": "admin.logentry", "pk": 53, "fields": {"action_time": "2023-09-04T03:17:49.139Z", "user": 1, "content_type": 9, "object_id": "10", "object_repr": "Ford F-150 2021", "action_flag": 2, "change_message": "[{\"changed\": {\"fields\": [\"Foto 1\", \"Foto 2\", \"Foto 3\", \"Foto 4\"]}}]"}}, {"model": "admin.logentry", "pk": 54, "fields": {"action_time": "2023-09-04T03:18:36.047Z", "user": 1, "content_type": 9, "object_id": "10", "object_repr": "Ford F-150 2021", "action_flag": 2, "change_message": "[{\"changed\": {\"fields\": [\"Foto 1\"]}}]"}}, {"model": "admin.logentry", "pk": 55, "fields": {"action_time": "2023-09-04T03:19:07.183Z", "user": 1, "content_type": 9, "object_id": "10", "object_repr": "Ford F-150 2021", "action_flag": 2, "change_message": "[{\"changed\": {\"fields\": [\"Foto 2\"]}}]"}}, {"model": "admin.logentry", "pk": 56, "fields": {"action_time": "2023-09-04T03:21:38.171Z", "user": 1, "content_type": 9, "object_id": "8", "object_repr": "Volkswagen Golf 2022", "action_flag": 2, "change_message": "[{\"changed\": {\"fields\": [\"Foto 1\", \"Foto 2\", \"Foto 3\", \"Foto 4\"]}}]"}}, {"model": "admin.logentry", "pk": 57, "fields": {"action_time": "2023-09-04T11:07:10.274Z", "user": 1, "content_type": 9, "object_id": "2", "object_repr": "Audi Q7 2018", "action_flag": 2, "change_message": "[{\"changed\": {\"fields\": [\"Estilo de carrocer\\u00eda\"]}}]"}}, {"model": "admin.logentry", "pk": 58, "fields": {"action_time": "2023-09-04T11:07:49.189Z", "user": 1, "content_type": 9, "object_id": "1", "object_repr": "Lamborghini Huracán", "action_flag": 2, "change_message": "[{\"changed\": {\"fields\": [\"Estilo de carrocer\\u00eda\"]}}]"}}, {"model": "admin.logentry", "pk": 59, "fields": {"action_time": "2023-09-04T19:11:49.009Z", "user": 1, "content_type": 9, "object_id": "1", "object_repr": "Lamborghini Huracán", "action_flag": 2, "change_message": "[{\"changed\": {\"fields\": [\"Foto 3\", \"Foto 4\"]}}]"}}, {"model": "admin.logentry", "pk": 60, "fields": {"action_time": "2023-09-05T17:53:38.446Z", "user": 1, "content_type": 9, "object_id": "13", "object_repr": "Nissan Altima 2020", "action_flag": 2, "change_message": "[{\"changed\": {\"fields\": [\"Destacado\"]}}]"}}, {"model": "admin.logentry", "pk": 61, "fields": {"action_time": "2023-09-05T17:53:38.454Z", "user": 1, "content_type": 9, "object_id": "12", "object_repr": "Ford Explorer 2019", "action_flag": 2, "change_message": "[{\"changed\": {\"fields\": [\"Destacado\"]}}]"}}, {"model": "admin.logentry", "pk": 62, "fields": {"action_time": "2023-09-05T17:53:38.457Z", "user": 1, "content_type": 9, "object_id": "11", "object_repr": "Tesla Model 3 2022", "action_flag": 2, "change_message": "[{\"changed\": {\"fields\": [\"Destacado\"]}}]"}}, {"model": "admin.logentry", "pk": 63, "fields": {"action_time": "2023-09-05T17:53:38.458Z", "user": 1, "content_type": 9, "object_id": "7", "object_repr": "Honda Civic 2021", "action_flag": 2, "change_message": "[{\"changed\": {\"fields\": [\"Destacado\"]}}]"}}, {"model": "admin.logentry", "pk": 64, "fields": {"action_time": "2023-09-05T17:53:38.460Z", "user": 1, "content_type": 9, "object_id": "4", "object_repr": "Ford Mustang GT 2023", "action_flag": 2, "change_message": "[{\"changed\": {\"fields\": [\"Destacado\"]}}]"}}, {"model": "admin.logentry", "pk": 65, "fields": {"action_time": "2023-09-05T17:53:38.509Z", "user": 1, "content_type": 9, "object_id": "3", "object_repr": "Toyota Camry 2022", "action_flag": 2, "change_message": "[{\"changed\": {\"fields\": [\"Destacado\"]}}]"}}, {"model": "admin.logentry", "pk": 66, "fields": {"action_time": "2023-09-05T17:53:38.510Z", "user": 1, "content_type": 9, "object_id": "2", "object_repr": "Audi Q7 2018", "action_flag": 2, "change_message": "[{\"changed\": {\"fields\": [\"Destacado\"]}}]"}}, {"model": "admin.logentry", "pk": 67, "fields": {"action_time": "2023-09-05T17:56:13.874Z", "user": 1, "content_type": 9, "object_id": "1", "object_repr": "Lamborghini Huracán", "action_flag": 2, "change_message": "[{\"changed\": {\"fields\": [\"Precio regular\"]}}]"}}, {"model": "admin.logentry", "pk": 68, "fields": {"action_time": "2023-09-05T17:56:34.223Z", "user": 1, "content_type": 9, "object_id": "6", "object_repr": "Tesla Model 3 2023", "action_flag": 2, "change_message": "[{\"changed\": {\"fields\": [\"Precio regular\", \"Descripci\\u00f3n\"]}}]"}}, {"model": "admin.logentry", "pk": 69, "fields": {"action_time": "2023-09-05T17:57:08.159Z", "user": 1, "content_type": 9, "object_id": "8", "object_repr": "Volkswagen Golf 2022", "action_flag": 2, "change_message": "[{\"changed\": {\"fields\": [\"Precio regular\", \"Descripci\\u00f3n\"]}}]"}}, {"model": "admin.logentry", "pk": 70, "fields": {"action_time": "2023-09-05T17:57:20.521Z", "user": 1, "content_type": 9, "object_id": "10", "object_repr": "Ford F-150 2021", "action_flag": 2, "change_message": "[{\"changed\": {\"fields\": [\"Precio regular\", \"Descripci\\u00f3n\"]}}]"}}, {"model": "admin.logentry", "pk": 71, "fields": {"action_time": "2023-09-05T17:57:31.020Z", "user": 1, "content_type": 9, "object_id": "14", "object_repr": "Renault Duster 2021", "action_flag": 2, "change_message": "[{\"changed\": {\"fields\": [\"Precio regular\", \"Descripci\\u00f3n\"]}}]"}}, {"model": "admin.logentry", "pk": 72, "fields": {"action_time": "2023-09-05T17:57:42.243Z", "user": 1, "content_type": 9, "object_id": "15", "object_repr": "Hyundai Tucson 2022", "action_flag": 2, "change_message": "[{\"changed\": {\"fields\": [\"Precio regular\", \"Descripci\\u00f3n\"]}}]"}}, {"model": "admin.logentry", "pk": 73, "fields": {"action_time": "2023-09-07T14:07:33.970Z", "user": 1, "content_type": 13, "object_id": "1", "object_repr": "Facebook login", "action_flag": 1, "change_message": "[{\"added\": {}}]"}}, {"model": "admin.logentry", "pk": 74, "fields": {"action_time": "2023-09-15T22:05:05.319Z", "user": 1, "content_type": 13, "object_id": "2", "object_repr": "auth-google-django", "action_flag": 1, "change_message": "[{\"added\": {}}]"}}, {"model": "admin.logentry", "pk": 75, "fields": {"action_time": "2023-09-15T22:05:53.722Z", "user": 1, "content_type": 13, "object_id": "1", "object_repr": "Facebook Allauth", "action_flag": 2, "change_message": "[{\"changed\": {\"fields\": [\"Name\", \"Client id\", \"Secret key\"]}}]"}}, {"model": "admin.logentry", "pk": 76, "fields": {"action_time": "2023-09-16T16:17:19.241Z", "user": 1, "content_type": 4, "object_id": "1", "object_repr": "jortega", "action_flag": 2, "change_message": "[{\"changed\": {\"fields\": [\"Email address\"]}}]"}}, {"model": "admin.logentry", "pk": 77, "fields": {"action_time": "2023-09-16T16:17:39.924Z", "user": 1, "content_type": 4, "object_id": "8", "object_repr": "juanito", "action_flag": 2, "change_message": "[{\"changed\": {\"fields\": [\"Email address\"]}}]"}}, {"model": "admin.logentry", "pk": 78, "fields": {"action_time": "2023-09-17T16:48:33.252Z", "user": 1, "content_type": 15, "object_id": "12", "object_repr": "ortegaj83@gmail.com", "action_flag": 3, "change_message": ""}}, {"model": "admin.logentry", "pk": 79, "fields": {"action_time": "2023-09-17T16:48:33.261Z", "user": 1, "content_type": 15, "object_id": "11", "object_repr": "ortegaj83@gmail.com", "action_flag": 3, "change_message": ""}}, {"model": "admin.logentry", "pk": 80, "fields": {"action_time": "2023-09-17T16:48:33.262Z", "user": 1, "content_type": 15, "object_id": "10", "object_repr": "ortegaj83@gmail.com", "action_flag": 3, "change_message": ""}}, {"model": "admin.logentry", "pk": 81, "fields": {"action_time": "2023-09-17T16:48:33.264Z", "user": 1, "content_type": 15, "object_id": "8", "object_repr": "ceo@creativa.dev", "action_flag": 3, "change_message": ""}}, {"model": "admin.logentry", "pk": 82, "fields": {"action_time": "2023-09-17T16:48:33.265Z", "user": 1, "content_type": 15, "object_id": "7", "object_repr": "ortegaj83@gmail.com", "action_flag": 3, "change_message": ""}}, {"model": "admin.logentry", "pk": 83, "fields": {"action_time": "2023-09-17T16:48:33.266Z", "user": 1, "content_type": 15, "object_id": "6", "object_repr": "ortegaj83@gmail.com", "action_flag": 3, "change_message": ""}}, {"model": "admin.logentry", "pk": 84, "fields": {"action_time": "2023-09-17T16:48:33.267Z", "user": 1, "content_type": 15, "object_id": "3", "object_repr": "jim@gmail.com", "action_flag": 3, "change_message": ""}}, {"model": "admin.logentry", "pk": 85, "fields": {"action_time": "2023-09-17T16:48:33.269Z", "user": 1, "content_type": 15, "object_id": "2", "object_repr": "carlos@outlook.com", "action_flag": 3, "change_message": ""}}, {"model": "admin.logentry", "pk": 86, "fields": {"action_time": "2023-09-17T16:48:33.270Z", "user": 1, "content_type": 15, "object_id": "1", "object_repr": "hola@gmail.com", "action_flag": 3, "change_message": ""}}, {"model": "admin.logentry", "pk": 87, "fields": {"action_time": "2023-09-17T16:49:43.982Z", "user": 1, "content_type": 15, "object_id": "13", "object_repr": "ortegaj83@gmail.com", "action_flag": 2, "change_message": "[{\"changed\": {\"fields\": [\"Precio del auto\"]}}]"}}, {"model": "admin.logentry", "pk": 88, "fields": {"action_time": "2023-09-17T16:49:57.290Z", "user": 1, "content_type": 15, "object_id": "13", "object_repr": "ortegaj83@gmail.com", "action_flag": 2, "change_message": "[{\"changed\": {\"fields\": [\"Precio del auto\"]}}]"}}, {"model": "admin.logentry", "pk": 89, "fields": {"action_time": "2023-09-17T16:50:52.456Z", "user": 1, "content_type": 15, "object_id": "5", "object_repr": "ortegaj83@gmail.com", "action_flag": 2, "change_message": "[{\"changed\": {\"fields\": [\"Precio del auto\"]}}]"}}, {"model": "admin.logentry", "pk": 90, "fields": {"action_time": "2023-09-17T16:51:14.918Z", "user": 1, "content_type": 15, "object_id": "4", "object_repr": "ceo@creativa.dev", "action_flag": 2, "change_message": "[{\"changed\": {\"fields\": [\"Precio del auto\"]}}]"}}, {"model": "admin.logentry", "pk": 91, "fields": {"action_time": "2023-09-17T16:51:43.419Z", "user": 1, "content_type": 15, "object_id": "9", "object_repr": "ceo@creativa.dev", "action_flag": 2, "change_message": "[{\"changed\": {\"fields\": [\"Precio del auto\"]}}]"}}, {"model": "auth.permission", "pk": 1, "fields": {"name": "Can add log entry", "content_type": 1, "codename": "add_logentry"}}, {"model": "auth.permission", "pk": 2, "fields": {"name": "Can change log entry", "content_type": 1, "codename": "change_logentry"}}, {"model": "auth.permission", "pk": 3, "fields": {"name": "Can delete log entry", "content_type": 1, "codename": "delete_logentry"}}, {"model": "auth.permission", "pk": 4, "fields": {"name": "Can view log entry", "content_type": 1, "codename": "view_logentry"}}, {"model": "auth.permission", "pk": 5, "fields": {"name": "Can add permission", "content_type": 2, "codename": "add_permission"}}, {"model": "auth.permission", "pk": 6, "fields": {"name": "Can change permission", "content_type": 2, "codename": "change_permission"}}, {"model": "auth.permission", "pk": 7, "fields": {"name": "Can delete permission", "content_type": 2, "codename": "delete_permission"}}, {"model": "auth.permission", "pk": 8, "fields": {"name": "Can view permission", "content_type": 2, "codename": "view_permission"}}, {"model": "auth.permission", "pk": 9, "fields": {"name": "Can add group", "content_type": 3, "codename": "add_group"}}, {"model": "auth.permission", "pk": 10, "fields": {"name": "Can change group", "content_type": 3, "codename": "change_group"}}, {"model": "auth.permission", "pk": 11, "fields": {"name": "Can delete group", "content_type": 3, "codename": "delete_group"}}, {"model": "auth.permission", "pk": 12, "fields": {"name": "Can view group", "content_type": 3, "codename": "view_group"}}, {"model": "auth.permission", "pk": 13, "fields": {"name": "Can add user", "content_type": 4, "codename": "add_user"}}, {"model": "auth.permission", "pk": 14, "fields": {"name": "Can change user", "content_type": 4, "codename": "change_user"}}, {"model": "auth.permission", "pk": 15, "fields": {"name": "Can delete user", "content_type": 4, "codename": "delete_user"}}, {"model": "auth.permission", "pk": 16, "fields": {"name": "Can view user", "content_type": 4, "codename": "view_user"}}, {"model": "auth.permission", "pk": 17, "fields": {"name": "Can add content type", "content_type": 5, "codename": "add_contenttype"}}, {"model": "auth.permission", "pk": 18, "fields": {"name": "Can change content type", "content_type": 5, "codename": "change_contenttype"}}, {"model": "auth.permission", "pk": 19, "fields": {"name": "Can delete content type", "content_type": 5, "codename": "delete_contenttype"}}, {"model": "auth.permission", "pk": 20, "fields": {"name": "Can view content type", "content_type": 5, "codename": "view_contenttype"}}, {"model": "auth.permission", "pk": 21, "fields": {"name": "Can add session", "content_type": 6, "codename": "add_session"}}, {"model": "auth.permission", "pk": 22, "fields": {"name": "Can change session", "content_type": 6, "codename": "change_session"}}, {"model": "auth.permission", "pk": 23, "fields": {"name": "Can delete session", "content_type": 6, "codename": "delete_session"}}, {"model": "auth.permission", "pk": 24, "fields": {"name": "Can view session", "content_type": 6, "codename": "view_session"}}, {"model": "auth.permission", "pk": 25, "fields": {"name": "Can add Equipo", "content_type": 7, "codename": "add_team"}}, {"model": "auth.permission", "pk": 26, "fields": {"name": "Can change Equipo", "content_type": 7, "codename": "change_team"}}, {"model": "auth.permission", "pk": 27, "fields": {"name": "Can delete Equipo", "content_type": 7, "codename": "delete_team"}}, {"model": "auth.permission", "pk": 28, "fields": {"name": "Can view Equipo", "content_type": 7, "codename": "view_team"}}, {"model": "auth.permission", "pk": 29, "fields": {"name": "Can add Equipo", "content_type": 8, "codename": "add_team"}}, {"model": "auth.permission", "pk": 30, "fields": {"name": "Can change Equipo", "content_type": 8, "codename": "change_team"}}, {"model": "auth.permission", "pk": 31, "fields": {"name": "Can delete Equipo", "content_type": 8, "codename": "delete_team"}}, {"model": "auth.permission", "pk": 32, "fields": {"name": "Can view Equipo", "content_type": 8, "codename": "view_team"}}, {"model": "auth.permission", "pk": 33, "fields": {"name": "Can add Auto", "content_type": 9, "codename": "add_car"}}, {"model": "auth.permission", "pk": 34, "fields": {"name": "Can change Auto", "content_type": 9, "codename": "change_car"}}, {"model": "auth.permission", "pk": 35, "fields": {"name": "Can delete Auto", "content_type": 9, "codename": "delete_car"}}, {"model": "auth.permission", "pk": 36, "fields": {"name": "Can view Auto", "content_type": 9, "codename": "view_car"}}, {"model": "auth.permission", "pk": 37, "fields": {"name": "Can add email address", "content_type": 10, "codename": "add_emailaddress"}}, {"model": "auth.permission", "pk": 38, "fields": {"name": "Can change email address", "content_type": 10, "codename": "change_emailaddress"}}, {"model": "auth.permission", "pk": 39, "fields": {"name": "Can delete email address", "content_type": 10, "codename": "delete_emailaddress"}}, {"model": "auth.permission", "pk": 40, "fields": {"name": "Can view email address", "content_type": 10, "codename": "view_emailaddress"}}, {"model": "auth.permission", "pk": 41, "fields": {"name": "Can add email confirmation", "content_type": 11, "codename": "add_emailconfirmation"}}, {"model": "auth.permission", "pk": 42, "fields": {"name": "Can change email confirmation", "content_type": 11, "codename": "change_emailconfirmation"}}, {"model": "auth.permission", "pk": 43, "fields": {"name": "Can delete email confirmation", "content_type": 11, "codename": "delete_emailconfirmation"}}, {"model": "auth.permission", "pk": 44, "fields": {"name": "Can view email confirmation", "content_type": 11, "codename": "view_emailconfirmation"}}, {"model": "auth.permission", "pk": 45, "fields": {"name": "Can add social account", "content_type": 12, "codename": "add_socialaccount"}}, {"model": "auth.permission", "pk": 46, "fields": {"name": "Can change social account", "content_type": 12, "codename": "change_socialaccount"}}, {"model": "auth.permission", "pk": 47, "fields": {"name": "Can delete social account", "content_type": 12, "codename": "delete_socialaccount"}}, {"model": "auth.permission", "pk": 48, "fields": {"name": "Can view social account", "content_type": 12, "codename": "view_socialaccount"}}, {"model": "auth.permission", "pk": 49, "fields": {"name": "Can add social application", "content_type": 13, "codename": "add_socialapp"}}, {"model": "auth.permission", "pk": 50, "fields": {"name": "Can change social application", "content_type": 13, "codename": "change_socialapp"}}, {"model": "auth.permission", "pk": 51, "fields": {"name": "Can delete social application", "content_type": 13, "codename": "delete_socialapp"}}, {"model": "auth.permission", "pk": 52, "fields": {"name": "Can view social application", "content_type": 13, "codename": "view_socialapp"}}, {"model": "auth.permission", "pk": 53, "fields": {"name": "Can add social application token", "content_type": 14, "codename": "add_socialtoken"}}, {"model": "auth.permission", "pk": 54, "fields": {"name": "Can change social application token", "content_type": 14, "codename": "change_socialtoken"}}, {"model": "auth.permission", "pk": 55, "fields": {"name": "Can delete social application token", "content_type": 14, "codename": "delete_socialtoken"}}, {"model": "auth.permission", "pk": 56, "fields": {"name": "Can view social application token", "content_type": 14, "codename": "view_socialtoken"}}, {"model": "auth.permission", "pk": 57, "fields": {"name": "Can add Contacto", "content_type": 15, "codename": "add_contact"}}, {"model": "auth.permission", "pk": 58, "fields": {"name": "Can change Contacto", "content_type": 15, "codename": "change_contact"}}, {"model": "auth.permission", "pk": 59, "fields": {"name": "Can delete Contacto", "content_type": 15, "codename": "delete_contact"}}, {"model": "auth.permission", "pk": 60, "fields": {"name": "Can view Contacto", "content_type": 15, "codename": "view_contact"}}, {"model": "auth.user", "pk": 1, "fields": {"password": "pbkdf2_sha256$600000$eriFmnbvcqfpnng1PmHJxP$bShYU89IVoQJnUa2nerx+Uj0DiXk8c02XVjGYuOUZE8=", "last_login": "2023-09-17T16:16:22.169Z", "is_superuser": true, "username": "jortega", "first_name": "Juanito", "last_name": "Ortega", "email": "ortegaj83@gmail.com", "is_staff": true, "is_active": true, "date_joined": "2023-09-02T15:11:03Z", "groups": [], "user_permissions": []}}, {"model": "auth.user", "pk": 2, "fields": {"password": "pbkdf2_sha256$600000$g749sDeP5TghfG8GMiDahK$ylWarsQx6lkwzlPYk2yBdX4E0n3IWnXNG2fJYJgMJfQ=", "last_login": null, "is_superuser": false, "username": "miguel", "first_name": "Juan", "last_name": "Miguel", "email": "miguel@google.com", "is_staff": false, "is_active": true, "date_joined": "2023-09-07T03:41:04.040Z", "groups": [], "user_permissions": []}}, {"model": "auth.user", "pk": 3, "fields": {"password": "pbkdf2_sha256$600000$4LQqBNVteXhAtDKlLBiqCT$wlbGXsTqa2nRGzlxRXbE7td9o18frTodUpQ8UqlI3hU=", "last_login": "2023-09-17T16:17:17.642Z", "is_superuser": false, "username": "daniel", "first_name": "daniel", "last_name": "perez", "email": "daniel@google.com", "is_staff": false, "is_active": true, "date_joined": "2023-09-07T03:48:38.637Z", "groups": [], "user_permissions": []}}, {"model": "auth.user", "pk": 4, "fields": {"password": "pbkdf2_sha256$600000$aNhlPFkNdGkFQiTh0kfFsm$EAoA/+KbQ8sgGycreLPg1uEQQWI+L0r/HLIhq336/mg=", "last_login": null, "is_superuser": false, "username": "figue", "first_name": "figueroa", "last_name": "miguel", "email": "figue@lo.com", "is_staff": false, "is_active": true, "date_joined": "2023-09-07T03:51:44.162Z", "groups": [], "user_permissions": []}}, {"model": "auth.user", "pk": 5, "fields": {"password": "pbkdf2_sha256$600000$rbk6PVjyvDfCnaC16C9Xd1$wiZISq1TROuAiU2525NNCVWusDeT6XuUc+xpccO3ZGA=", "last_login": null, "is_superuser": false, "username": "sandra", "first_name": "sandra", "last_name": "landivar", "email": "sandra@google.com", "is_staff": false, "is_active": true, "date_joined": "2023-09-07T03:54:45.377Z", "groups": [], "user_permissions": []}}, {"model": "auth.user", "pk": 6, "fields": {"password": "pbkdf2_sha256$600000$c5V0eIHNqFr2Nn3XJHyGaJ$ceq55HogEAEPVK7tTOWo0Ai4IbZFcdygHFXhQcUQPq0=", "last_login": "2023-09-07T04:44:56.415Z", "is_superuser": false, "username": "jogman", "first_name": "juan", "last_name": "daniel", "email": "jogman@google.com", "is_staff": false, "is_active": true, "date_joined": "2023-09-07T04:44:36.639Z", "groups": [], "user_permissions": []}}, {"model": "auth.user", "pk": 7, "fields": {"password": "pbkdf2_sha256$600000$3YftTnqEtJckEWhFzdJFeS$BkC4Ote4AOheGWtks1M3R2y/u//hTSfIs/CZOlDLZgU=", "last_login": "2023-09-07T13:21:07.147Z", "is_superuser": false, "username": "diego", "first_name": "diego", "last_name": "mendea", "email": "diego@googl.com", "is_staff": false, "is_active": true, "date_joined": "2023-09-07T04:46:38.258Z", "groups": [], "user_permissions": []}}, {"model": "auth.user", "pk": 8, "fields": {"password": "!Czbme29vCdcI97AfUVuzizDhFtIe4S8jqCQdF1fu", "last_login": "2023-09-16T00:14:18Z", "is_superuser": false, "username": "juanito", "first_name": "Juanito", "last_name": "Ortega Guzman", "email": "ceo@creativa.dev", "is_staff": false, "is_active": true, "date_joined": "2023-09-15T23:42:01Z", "groups": [], "user_permissions": []}}, {"model": "auth.user", "pk": 9, "fields": {"password": "!T3FmmokC20v83pvBqtI2bcJQvI6po5qdknQums81", "last_login": "2023-09-16T00:14:03.999Z", "is_superuser": false, "username": "demo", "first_name": "Juanito", "last_name": "Guzmán", "email": "jogman@outlook.com", "is_staff": false, "is_active": true, "date_joined": "2023-09-15T23:42:47.844Z", "groups": [], "user_permissions": []}}, {"model": "auth.user", "pk": 10, "fields": {"password": "!m93sDhsjC28blDfe4XpaQkEmznz5ZCmL0safNM4h", "last_login": "2023-09-15T23:45:55.709Z", "is_superuser": false, "username": "juanito2", "first_name": "Juanito", "last_name": "Ortega Guzman", "email": "pesbolivia@gmail.com", "is_staff": false, "is_active": true, "date_joined": "2023-09-15T23:45:55.684Z", "groups": [], "user_permissions": []}}, {"model": "contenttypes.contenttype", "pk": 1, "fields": {"app_label": "admin", "model": "logentry"}}, {"model": "contenttypes.contenttype", "pk": 2, "fields": {"app_label": "auth", "model": "permission"}}, {"model": "contenttypes.contenttype", "pk": 3, "fields": {"app_label": "auth", "model": "group"}}, {"model": "contenttypes.contenttype", "pk": 4, "fields": {"app_label": "auth", "model": "user"}}, {"model": "contenttypes.contenttype", "pk": 5, "fields": {"app_label": "contenttypes", "model": "contenttype"}}, {"model": "contenttypes.contenttype", "pk": 6, "fields": {"app_label": "sessions", "model": "session"}}, {"model": "contenttypes.contenttype", "pk": 7, "fields": {"app_label": "core", "model": "team"}}, {"model": "contenttypes.contenttype", "pk": 8, "fields": {"app_label": "pages", "model": "team"}}, {"model": "contenttypes.contenttype", "pk": 9, "fields": {"app_label": "cars", "model": "car"}}, {"model": "contenttypes.contenttype", "pk": 10, "fields": {"app_label": "account", "model": "emailaddress"}}, {"model": "contenttypes.contenttype", "pk": 11, "fields": {"app_label": "account", "model": "emailconfirmation"}}, {"model": "contenttypes.contenttype", "pk": 12, "fields": {"app_label": "socialaccount", "model": "socialaccount"}}, {"model": "contenttypes.contenttype", "pk": 13, "fields": {"app_label": "socialaccount", "model": "socialapp"}}, {"model": "contenttypes.contenttype", "pk": 14, "fields": {"app_label": "socialaccount", "model": "socialtoken"}}, {"model": "contenttypes.contenttype", "pk": 15, "fields": {"app_label": "contacts", "model": "contact"}}, {"model": "sessions.session", "pk": "24u7qbb8reiu00q6mdcim3m2fbs2whjk", "fields": {"session_data": ".eJxVjDsOwjAQBe_iGlnydxNKes5g7XrXOIAcKU4qxN0hUgpo38y8l0q4rTVtXZY0sToro06_G2F-SNsB37HdZp3nti4T6V3RB-36OrM8L4f7d1Cx12-dCQwIGvZccDRQGBxZbwcXiCSADHm0QKYgimT0IsAUvQvZxBikqPcHDpg5Jw:1qdZvm:UU-868P5L6faXSA4ra49-m1HIq8lXXw6PMuggNQ9QrY", "expire_date": "2023-09-19T17:33:38.861Z"}}, {"model": "sessions.session", "pk": "97a21i4fb1b475z0w6ijl3j1dylhx2uz", "fields": {"session_data": "eyJzb2NpYWxhY2NvdW50X3N0YXRlIjpbeyJwcm9jZXNzIjoibG9naW4iLCJzY29wZSI6IiIsImF1dGhfcGFyYW1zIjoiIn0sImpOVllDbW9qaGFMdkptOUIiXX0:1qeFvx:FmiUy-n9AEdmZ0HmBJ5E-iLUmCpojwk9iEWfcypt6Rc", "expire_date": "2023-09-21T14:24:37.615Z"}}, {"model": "sessions.session", "pk": "fnnko01476kvhy8z0yrcm5hb5yz0nrx9", "fields": {"session_data": "eyJzb2NpYWxhY2NvdW50X3N0YXRlIjpbeyJwcm9jZXNzIjoibG9naW4iLCJzY29wZSI6IiIsImF1dGhfcGFyYW1zIjoiIn0sIjdMeVZvV2VmZkloSFpzQlEiXX0:1qhC03:FXZT7Frl5hz7kH0qRafLbLoEnjjVhXVN0CRUozMc_3Y", "expire_date": "2023-09-29T16:48:59.223Z"}}, {"model": "sessions.session", "pk": "nbheny7nqugrfiitxzdwq2ste2rgoz03", "fields": {"session_data": ".eJxVjMEOwiAQBf-FsyHAAgWP3vsNZIGtVA0kpT0Z_9026UGvM_PemwXc1hK2TkuYM7syYJdfFjE9qR4iP7DeG0-trssc-ZHw03Y-tkyv29n-HRTsZV97IUQyWQ9GYPLSJjVBjlNEUmAS7FRqQKdIy2gdSGe9IiBCDxGFGNjnC9faN4M:1qhuST:QklPAlaPJ24dkoIyoBKnY-p5P96GtbDeuGhZhO5FlHw", "expire_date": "2023-10-01T16:17:17.644Z"}}, {"model": "sessions.session", "pk": "oi7lbppemf03d1v8bqxjop3x2puh3071", "fields": {"session_data": ".eJxVjDEOwjAMRe-SGUU4KXXNyM4ZIsdxSQElUtNOiLtDpQ6w_vfef5nA65LD2nQOUzJng-bwu0WWh5YNpDuXW7VSyzJP0W6K3Wmz15r0edndv4PMLX9rRyMreyCPSkwOemFgVJXooVcgHTwSSDwRgxv9oI4lIXZHiL5TNu8P80A4Mg:1qe7cL:VUeZ0Hj8KiCSrc4h7pD11PCy_qBYevaEq4eh2IfvPBk", "expire_date": "2023-09-21T05:31:49.224Z"}}, {"model": "sessions.session", "pk": "pfz8evor6l8kyjmcr5ze3axen35r2fja", "fields": {"session_data": ".eJxVjDsOwjAQBe_iGlnydxNKes5g7XrXOIAcKU4qxN0hUgpo38y8l0q4rTVtXZY0sToro06_G2F-SNsB37HdZp3nti4T6V3RB-36OrM8L4f7d1Cx12-dCQwIGvZccDRQGBxZbwcXiCSADHm0QKYgimT0IsAUvQvZxBikqPcHDpg5Jw:1qhuRa:w7zabVy9pSMmE-tUVEYaG0toXlGxZgARxe8EKo9U-Rk", "expire_date": "2023-10-01T16:16:22.172Z"}}, {"model": "sessions.session", "pk": "v4kt5kjm69gels2daw74r3kjwhjp6jww", "fields": {"session_data": ".eJxVjDsOwjAQBe_iGlnydxNKes5g7XrXOIAcKU4qxN0hUgpo38y8l0q4rTVtXZY0sToro06_G2F-SNsB37HdZp3nti4T6V3RB-36OrM8L4f7d1Cx12-dCQwIGvZccDRQGBxZbwcXiCSADHm0QKYgimT0IsAUvQvZxBikqPcHDpg5Jw:1qhGtd:oL2tEbFGDj9fnwkd_wecWSOpdGj1m5lBGX3avzbF1bQ", "expire_date": "2023-09-29T22:02:41.400Z"}}, {"model": "sessions.session", "pk": "xk1gh6vaaycii007ud14bz87aose1sih", "fields": {"session_data": ".eJxVjDsOwjAQBe_iGlnydxNKes5g7XrXOIAcKU4qxN0hUgpo38y8l0q4rTVtXZY0sToro06_G2F-SNsB37HdZp3nti4T6V3RB-36OrM8L4f7d1Cx12-dCQwIGvZccDRQGBxZbwcXiCSADHm0QKYgimT0IsAUvQvZxBikqPcHDpg5Jw:1qhGvc:e2SeCzGFvDqnhGVLgQiT5nhAZ-ZuH3CsGfMcrqu9p1A", "expire_date": "2023-09-29T22:04:44.064Z"}}, {"model": "pages.team", "pk": 1, "fields": {"first_name": "Juan", "last_name": "Misael", "designation": "Gerente de Ventas", "photo": "photos/teams/2023/09/03/avatar-11.jpg", "facebook_link": "https://www.facebook.com", "twitter_link": "https://twitter.com", "instagram_link": null, "created_at": "2023-09-03T06:00:19.965Z", "updated_at": "2023-09-03T13:15:07.722Z"}}, {"model": "pages.team", "pk": 2, "fields": {"first_name": "Claudia", "last_name": "Mendez", "designation": "Ejecutiva de Ventas", "photo": "photos/teams/2023/09/03/avatar-10.jpg", "facebook_link": null, "twitter_link": "https://twitter.com", "instagram_link": "https://instagram.com", "created_at": "2023-09-03T06:03:16.768Z", "updated_at": "2023-09-03T13:14:52.649Z"}}, {"model": "pages.team", "pk": 3, "fields": {"first_name": "Misael", "last_name": "Gutierrez", "designation": "Web Developer", "photo": "photos/teams/2023/09/03/avatar-1.jpg", "facebook_link": "https://facebook.com", "twitter_link": null, "instagram_link": "https://instagram.com", "created_at": "2023-09-03T06:03:59.556Z", "updated_at": "2023-09-03T13:14:43.719Z"}}, {"model": "pages.team", "pk": 4, "fields": {"first_name": "Claudia", "last_name": "Lampe", "designation": "Jefe Regional", "photo": "photos/teams/2023/09/03/avatar-2.jpg", "facebook_link": null, "twitter_link": null, "instagram_link": null, "created_at": "2023-09-03T06:04:55.498Z", "updated_at": "2023-09-03T13:14:36.603Z"}}, {"model": "pages.team", "pk": 5, "fields": {"first_name": "Lorena", "last_name": "Perez", "designation": "Analista QA", "photo": "photos/teams/2023/09/03/avatar-4.jpg", "facebook_link": "https://facebook.com", "twitter_link": "https://twitter.com", "instagram_link": "https://instagram.com", "created_at": "2023-09-03T06:05:44.048Z", "updated_at": "2023-09-03T13:14:25.304Z"}}, {"model": "cars.car", "pk": 1, "fields": {"title": "Lamborghini Huracán", "state": "SC", "city": "Santa Cruz de la Sierra", "brand": "Lamborghini", "color": "Rojo", "model": "Huracán", "year": 2018, "condition": "Alquiler", "normal_price": 999, "price": 780, "description": "<p>El Lamborghini Hurac&aacute;n es una obra maestra de la ingenier&iacute;a italiana y un &iacute;cono en el mundo de los autom&oacute;viles deportivos de lujo. Cada l&iacute;nea y curva de su dise&ntilde;o aerodin&aacute;mico est&aacute; cuidadosamente dise&ntilde;ada para combinar elegancia y velocidad. Con un motor V10 de alta potencia que ruge con fuerza, este autom&oacute;vil es capaz de acelerar de 0 a 100 km/h en cuesti&oacute;n de segundos, brindando una experiencia de conducci&oacute;n emocionante y adrenal&iacute;nica.</p>\r\n\r\n<p>El interior del Hurac&aacute;n est&aacute; lleno de lujo y comodidad. Los asientos de cuero de alta calidad abrazan al conductor y al pasajero, proporcionando una experiencia de conducci&oacute;n c&oacute;moda y envolvente. El panel de instrumentos digital muestra informaci&oacute;n esencial de manera elegante y futurista.</p>\r\n\r\n<p>En cuanto a la tecnolog&iacute;a, el Hurac&aacute;n est&aacute; equipado con lo &uacute;ltimo en sistemas de entretenimiento y conectividad, lo que te permite disfrutar de tu m&uacute;sica favorita y mantenerte conectado mientras disfrutas de la carretera. Adem&aacute;s, cuenta con caracter&iacute;sticas avanzadas de seguridad y control de tracci&oacute;n para garantizar una conducci&oacute;n segura incluso a altas velocidades.</p>\r\n\r\n<p>El Lamborghini Hurac&aacute;n es mucho m&aacute;s que un autom&oacute;vil, es una obra de arte sobre ruedas que combina potencia, belleza y exclusividad. Conducir un Hurac&aacute;n es una experiencia inolvidable que deja una impresi&oacute;n duradera en todos los que tienen la suerte de presenciarlo en acci&oacute;n. Este autom&oacute;vil es un s&iacute;mbolo de estatus y una declaraci&oacute;n de estilo de vida para aquellos que aprecian lo extraordinario en la vida.</p>", "photo": "photos/cars/2023/09/03/car-1.jpg", "photo_1": "photos/cars/2023/09/03/car-2.jpg", "photo_2": "photos/cars/2023/09/03/car-3.jpg", "photo_3": "", "photo_4": "", "features": "Control de crucero,Airbags,Aire acondicionado,Calefacción de asientos,Sistema de alarma,Dirección asistida,Cámara de retroceso,Inyección directa de combustible,Teléfono Bluetooth", "body_style": "Sport", "engine": "4000cc", "transmission": "Electrónica", "interior": "Cuero", "kilometres": 23000, "doors": "2", "passengers": 2, "vin_no": "1HGCM82633A123456", "kilometraje": 3000, "fuel_type": "Gasolina", "no_of_owners": "1", "is_featured": true, "created_at": "2023-09-03T13:08:07.611Z", "updated_at": "2023-09-05T17:56:13.870Z"}}, {"model": "cars.car", "pk": 2, "fields": {"title": "Audi Q7 2018", "state": "LP", "city": "La Paz", "brand": "Audi", "color": "Blanco", "model": "Q7", "year": 2018, "condition": "Alquiler", "normal_price": null, "price": 980, "description": "<p>El Audi Q7 es un SUV de lujo que combina a la perfecci&oacute;n elegancia, rendimiento y versatilidad. Este veh&iacute;culo de alta gama es una expresi&oacute;n de la ingenier&iacute;a alemana y un ejemplo de sofisticaci&oacute;n en movimiento.</p>\r\n\r\n<p>Dise&ntilde;ado con l&iacute;neas limpias y una presencia imponente, el Audi Q7 destaca en la carretera con su estilo moderno y distintivo. Su amplio y lujoso interior ofrece comodidad excepcional para el conductor y los pasajeros, con asientos de cuero de alta calidad y tecnolog&iacute;a de vanguardia.</p>\r\n\r\n<p>El rendimiento del Audi Q7 es impresionante. Su motor potente y eficiente proporciona una aceleraci&oacute;n suave y una conducci&oacute;n &aacute;gil. Ya sea que est&eacute;s explorando la ciudad o aventur&aacute;ndote en terrenos m&aacute;s dif&iacute;ciles, el Q7 ofrece un control excepcional y una experiencia de conducci&oacute;n placentera.</p>\r\n\r\n<p>El Audi Q7 est&aacute; equipado con tecnolog&iacute;a de &uacute;ltima generaci&oacute;n que incluye sistemas avanzados de asistencia al conductor, una pantalla de informaci&oacute;n y entretenimiento de alta resoluci&oacute;n y conectividad perfecta para dispositivos m&oacute;viles. Adem&aacute;s, su amplio espacio de carga te permite llevar todo lo que necesites en tus viajes.</p>\r\n\r\n<p>En resumen, el Audi Q7 es un SUV premium que combina un dise&ntilde;o atractivo, un interior lujoso y un rendimiento emocionante. Es una elecci&oacute;n perfecta para aquellos que buscan un veh&iacute;culo que ofrezca estilo, confort y prestaciones excepcionales. Con el Audi Q7, cada viaje se convierte en una experiencia de conducci&oacute;n de primer nivel.</p>", "photo": "photos/cars/2023/09/03/car-2.jpg", "photo_1": "photos/cars/2023/09/03/car-3.jpg", "photo_2": "photos/cars/2023/09/03/car-1.jpg", "photo_3": "photos/cars/2023/09/03/car-2.jpg", "photo_4": "photos/cars/2023/09/03/car-4.jpg", "features": "Control de crucero,Interfaz de audio,Aire acondicionado,Asistente de estacionamiento,Cámara de retroceso,Inyección directa de combustible", "body_style": "Sedán", "engine": "3800cc", "transmission": "Automática", "interior": "Lujo", "kilometres": 45000, "doors": "4", "passengers": 5, "vin_no": "1HGCM82633A123456", "kilometraje": 8999, "fuel_type": "Gasolina", "no_of_owners": "2", "is_featured": false, "created_at": "2023-09-03T15:07:14.697Z", "updated_at": "2023-09-05T17:53:38.509Z"}}, {"model": "cars.car", "pk": 3, "fields": {"title": "Toyota Camry 2022", "state": "LP", "city": "La Paz", "brand": "Toyota", "color": "Plata", "model": "Camry", "year": 2022, "condition": "Nuevo", "normal_price": null, "price": 35000, "description": "<p>El Toyota Camry 2022 es un sedán de lujo que combina elegancia y eficiencia. Su diseño aerodinámico y sofisticado lo hace destacar en la carretera, mientras que su interior espacioso y bien equipado proporciona comodidad para todos los pasajeros. Con un motor potente y tecnología de vanguardia, el Camry ofrece una experiencia de conducción excepcional.</p>", "photo": "photos/cars/2023/09/03/car-3.jpg", "photo_1": "photos/cars/2023/09/03/car-3.jpg", "photo_2": "photos/cars/2023/09/03/car-1.jpg", "photo_3": "photos/cars/2023/09/03/car-2.jpg", "photo_4": "photos/cars/2023/09/03/car-4.jpg", "features": "Control de crucero,Interfaz de audio,Aire acondicionado,Sistema de alarma,Dirección asistida,Inyección directa de combustible,Teléfono Bluetooth", "body_style": "Sedán", "engine": "2500cc", "transmission": "Automática", "interior": "Cuero", "kilometres": 0, "doors": "4", "passengers": 5, "vin_no": "JTDKB20U773123456", "kilometraje": 0, "fuel_type": "Gasolina", "no_of_owners": "0", "is_featured": false, "created_at": "2023-09-03T16:30:00Z", "updated_at": "2023-09-05T17:53:38.508Z"}}, {"model": "cars.car", "pk": 4, "fields": {"title": "Ford Mustang GT 2023", "state": "SC", "city": "Santa Cruz de la Sierra", "brand": "Ford", "color": "Azul", "model": "Mustang GT", "year": 2023, "condition": "Nuevo", "normal_price": null, "price": 55000, "description": "<p>El Ford Mustang GT 2023 es un legendario muscle car que combina potencia y estilo icónico. Con su motor V8 de alta potencia, este vehículo ofrece una experiencia de conducción emocionante. Su diseño clásico y sus características modernas lo convierten en un favorito entre los amantes de los automóviles deportivos.</p>", "photo": "photos/cars/2023/09/03/car-4.jpg", "photo_1": "photos/cars/2023/09/03/car-3.jpg", "photo_2": "photos/cars/2023/09/03/car-1.jpg", "photo_3": "photos/cars/2023/09/03/car-2.jpg", "photo_4": "photos/cars/2023/09/03/car-4.jpg", "features": "Control de crucero,Interfaz de audio,Aire acondicionado,Calefacción de asientos,Sistema de alarma,Dirección asistida,Cámara de retroceso,Inyección directa de combustible,Teléfono Bluetooth", "body_style": "Coupé", "engine": "5000cc", "transmission": "Manual", "interior": "Cuero", "kilometres": 0, "doors": "2", "passengers": 4, "vin_no": "1FA6P8CF8K5501234", "kilometraje": 0, "fuel_type": "Gasolina", "no_of_owners": "0", "is_featured": false, "created_at": "2023-09-03T17:45:00Z", "updated_at": "2023-09-05T17:53:38.459Z"}}, {"model": "cars.car", "pk": 5, "fields": {"title": "Kia Sportage 2021", "state": "OR", "city": "Oruro", "brand": "Kia", "color": "Gris", "model": "Sportage", "year": 2021, "condition": "Usado", "normal_price": null, "price": 22000, "description": "<p>El Kia Sportage 2021 es un SUV compacto con un diseño moderno y un interior espacioso. Ideal para familias y aventuras en carretera, este vehículo ofrece comodidad y eficiencia. Su sistema de entretenimiento y seguridad avanzado lo convierten en una excelente opción.</p>", "photo": "photos/cars/2023/09/03/car-5.jpg", "photo_1": "photos/cars/2023/09/03/car-3.jpg", "photo_2": "photos/cars/2023/09/03/car-1.jpg", "photo_3": "photos/cars/2023/09/03/car-2.jpg", "photo_4": "photos/cars/2023/09/03/car-4.jpg", "features": "Control de crucero,Airbags,Aire acondicionado,Cámara de retroceso,Dirección asistida,Inyección directa de combustible,Teléfono Bluetooth", "body_style": "SUV", "engine": "2000cc", "transmission": "Automática", "interior": "Tela", "kilometres": 35000, "doors": "4", "passengers": 5, "vin_no": "5XYPG4A31MG544321", "kilometraje": 35000, "fuel_type": "Gasolina", "no_of_owners": "1", "is_featured": false, "created_at": "2023-09-03T18:30:00Z", "updated_at": "2023-09-03T18:30:00Z"}}, {"model": "cars.car", "pk": 6, "fields": {"title": "Tesla Model 3 2023", "state": "BN", "city": "Beni", "brand": "Tesla", "color": "Negro", "model": "Model 3", "year": 2023, "condition": "Nuevo", "normal_price": 65000, "price": 60000, "description": "<p>El Tesla Model 3 2023 es un autom&oacute;vil el&eacute;ctrico revolucionario que combina sostenibilidad y rendimiento. Su dise&ntilde;o moderno y futurista se complementa con un sistema de propulsi&oacute;n totalmente el&eacute;ctrico que ofrece una aceleraci&oacute;n impresionante y una conducci&oacute;n suave.</p>", "photo": "photos/cars/2023/09/03/car-6.jpg", "photo_1": "photos/cars/2023/09/03/car-3.jpg", "photo_2": "photos/cars/2023/09/03/car-1.jpg", "photo_3": "photos/cars/2023/09/03/car-2.jpg", "photo_4": "photos/cars/2023/09/03/car-4.jpg", "features": "Control de crucero,Interfaz de audio,Aire acondicionado,Sistema de alarma,Dirección asistida,Inyección directa de combustible,Teléfono Bluetooth", "body_style": "Sedán", "engine": "Eléctrico", "transmission": "Automática", "interior": "Cuero vegano", "kilometres": 0, "doors": "4", "passengers": 5, "vin_no": "5YJ3E1EB0KF642123", "kilometraje": 0, "fuel_type": "Eléctrico", "no_of_owners": "0", "is_featured": true, "created_at": "2023-09-03T19:15:00Z", "updated_at": "2023-09-05T17:56:34.220Z"}}, {"model": "cars.car", "pk": 7, "fields": {"title": "Honda Civic 2021", "state": "CB", "city": "Cochabamba", "brand": "Honda", "color": "Gris", "model": "Civic", "year": 2021, "condition": "Usado", "normal_price": null, "price": 18000, "description": "<p>El Honda Civic 2021 es un sedán compacto con un historial de confiabilidad y eficiencia. Su diseño elegante y su interior bien diseñado ofrecen comodidad y funcionalidad. Con un motor eficiente y características modernas, el Civic es una opción popular entre los conductores.</p>", "photo": "photos/cars/2023/09/03/car-1.jpg", "photo_1": "photos/cars/2023/09/03/car-3.jpg", "photo_2": "photos/cars/2023/09/03/car-1.jpg", "photo_3": "photos/cars/2023/09/03/car-2.jpg", "photo_4": "photos/cars/2023/09/03/car-4.jpg", "features": "Control de crucero,Interfaz de audio,Aire acondicionado,Cámara de retroceso,Dirección asistida,Inyección directa de combustible,Teléfono Bluetooth", "body_style": "Sedán", "engine": "1800cc", "transmission": "Automática", "interior": "Tela", "kilometres": 25000, "doors": "4", "passengers": 5, "vin_no": "2HGFG3B56GH502123", "kilometraje": 25000, "fuel_type": "Gasolina", "no_of_owners": "1", "is_featured": false, "created_at": "2023-09-03T20:00:00Z", "updated_at": "2023-09-05T17:53:38.457Z"}}, {"model": "cars.car", "pk": 8, "fields": {"title": "Volkswagen Golf 2022", "state": "TJ", "city": "Tarija", "brand": "Volkswagen", "color": "Azul", "model": "Golf", "year": 2022, "condition": "Nuevo", "normal_price": 29000, "price": 26000, "description": "<p>El Volkswagen Golf 2022 es un hatchback compacto que combina estilo y versatilidad. Con un dise&ntilde;o moderno y un interior bien equipado, el Golf es perfecto tanto para la ciudad como para aventuras en carretera. Su eficiente motor y tecnolog&iacute;a avanzada lo hacen destacar en su clase.</p>", "photo": "photos/cars/2023/09/03/car-2.jpg", "photo_1": "photos/cars/2023/09/03/car-3.jpg", "photo_2": "photos/cars/2023/09/03/car-1.jpg", "photo_3": "photos/cars/2023/09/03/car-2.jpg", "photo_4": "photos/cars/2023/09/03/car-4.jpg", "features": "Control de crucero,Interfaz de audio,Aire acondicionado,Sistema de alarma,Dirección asistida,Inyección directa de combustible,Teléfono Bluetooth", "body_style": "Hatchback", "engine": "1600cc", "transmission": "Automática", "interior": "Tela", "kilometres": 0, "doors": "4", "passengers": 5, "vin_no": "WVWZZZAUZFP502123", "kilometraje": 0, "fuel_type": "Gasolina", "no_of_owners": "0", "is_featured": true, "created_at": "2023-09-03T21:30:00Z", "updated_at": "2023-09-05T17:57:08.158Z"}}, {"model": "cars.car", "pk": 9, "fields": {"title": "Subaru Outback 2022", "state": "PN", "city": "Pando", "brand": "Subaru", "color": "Verde", "model": "Outback", "year": 2022, "condition": "Usado", "normal_price": null, "price": 22000, "description": "<p>El Subaru Outback 2022 es una crossover SUV que ofrece un equilibrio perfecto entre rendimiento y versatilidad. Con su tracción en las cuatro ruedas y su capacidad todoterreno, el Outback es ideal para aventuras al aire libre. Su espacioso interior y comodidades modernas lo hacen perfecto para la vida diaria.</p>", "photo": "photos/cars/2023/09/03/car-3.jpg", "photo_1": "photos/cars/2023/09/03/car-3.jpg", "photo_2": "photos/cars/2023/09/03/car-1.jpg", "photo_3": "photos/cars/2023/09/03/car-2.jpg", "photo_4": "photos/cars/2023/09/03/car-4.jpg", "features": "Control de crucero,Aire acondicionado,Cámara de retroceso,Dirección asistida,Sistema de alarma,Inyección directa de combustible,Teléfono Bluetooth", "body_style": "SUV", "engine": "2500cc", "transmission": "Automática", "interior": "Tela", "kilometres": 32000, "doors": "5", "passengers": 5, "vin_no": "4S4BSENCXK328123", "kilometraje": 32000, "fuel_type": "Gasolina", "no_of_owners": "1", "is_featured": false, "created_at": "2023-09-03T22:45:00Z", "updated_at": "2023-09-03T22:45:00Z"}}, {"model": "cars.car", "pk": 10, "fields": {"title": "Ford F-150 2021", "state": "OR", "city": "Oruro", "brand": "Ford", "color": "Negro", "model": "F-150", "year": 2021, "condition": "Usado", "normal_price": 39000, "price": 34000, "description": "<p>La Ford F-150 2021 es una camioneta pick-up que combina potencia y capacidad de carga. Su dise&ntilde;o robusto y su chasis resistente la hacen perfecta para trabajos pesados. Con una cabina espaciosa y tecnolog&iacute;a avanzada, la F-150 es ideal tanto para el trabajo como para el uso diario.</p>", "photo": "photos/cars/2023/09/03/car-4.jpg", "photo_1": "photos/cars/2023/09/03/car-3.jpg", "photo_2": "photos/cars/2023/09/03/car-1.jpg", "photo_3": "photos/cars/2023/09/03/car-2.jpg", "photo_4": "photos/cars/2023/09/03/car-4.jpg", "features": "Control de crucero,Aire acondicionado,Sistema de alarma,Dirección asistida,Cámara de retroceso,Inyección directa de combustible", "body_style": "Pick-up", "engine": "3500cc", "transmission": "Automática", "interior": "Tela", "kilometres": 28000, "doors": "4", "passengers": 5, "vin_no": "1FTFW1EG1MKD12345", "kilometraje": 28000, "fuel_type": "Gasolina", "no_of_owners": "2", "is_featured": true, "created_at": "2023-09-03T23:30:00Z", "updated_at": "2023-09-05T17:57:20.518Z"}}, {"model": "cars.car", "pk": 11, "fields": {"title": "Tesla Model 3 2022", "state": "OR", "city": "Oruro", "brand": "Tesla", "color": "Azul", "model": "Model 3", "year": 2022, "condition": "Nuevo", "normal_price": null, "price": 45000, "description": "<p>El Tesla Model 3 es un sedán eléctrico que combina la tecnología de vanguardia con un diseño elegante. Es conocido por su rendimiento impresionante y su capacidad de conducción autónoma.</p>", "photo": "photos/cars/2023/09/03/car-5.jpg", "photo_1": "photos/cars/2023/09/03/car-2.jpg", "photo_2": "photos/cars/2023/09/03/car-3.jpg", "photo_3": "photos/cars/2023/09/03/car-4.jpg", "photo_4": "photos/cars/2023/09/03/car-5.jpg", "features": "Control de crucero,Interfaz de audio,Aire acondicionado,Asistente de estacionamiento,Cámara de retroceso", "body_style": "Sedán", "engine": "Eléctrico", "transmission": "Automática", "interior": "Cuero", "kilometres": 10000, "doors": "4", "passengers": 5, "vin_no": "1HGCM82633A123465", "kilometraje": 0, "fuel_type": "Eléctrico", "no_of_owners": "1", "is_featured": false, "created_at": "2023-09-03T22:00:00Z", "updated_at": "2023-09-05T17:53:38.455Z"}}, {"model": "cars.car", "pk": 12, "fields": {"title": "Ford Explorer 2019", "state": "CB", "city": "Cochabamba", "brand": "Ford", "color": "Negro", "model": "Explorer", "year": 2019, "condition": "Usado", "normal_price": null, "price": 28000, "description": "<p>La Ford Explorer es una SUV que combina espacio, comodidad y versatilidad. Es ideal para familias y aventuras al aire libre. Su diseño exterior imponente lo hace destacar en la carretera.</p>", "photo": "photos/cars/2023/09/03/car-6.jpg", "photo_1": "photos/cars/2023/09/03/car-2.jpg", "photo_2": "photos/cars/2023/09/03/car-3.jpg", "photo_3": "photos/cars/2023/09/03/car-4.jpg", "photo_4": "photos/cars/2023/09/03/car-5.jpg", "features": "Aire acondicionado,Control de crucero,Interfaz de audio,Airbags,Sistema de alarma,Cámara de retroceso,Dirección asistida", "body_style": "SUV", "engine": "3500cc", "transmission": "Automática", "interior": "Tela", "kilometres": 32000, "doors": "4", "passengers": 7, "vin_no": "1HGCM82633A123466", "kilometraje": 0, "fuel_type": "Gasolina", "no_of_owners": "2", "is_featured": false, "created_at": "2023-09-03T23:15:00Z", "updated_at": "2023-09-05T17:53:38.452Z"}}, {"model": "cars.car", "pk": 13, "fields": {"title": "Nissan Altima 2020", "state": "PN", "city": "Pando", "brand": "Nissan", "color": "Gris", "model": "Altima", "year": 2020, "condition": "Usado", "normal_price": null, "price": 19000, "description": "<p>El Nissan Altima es un sedán elegante y eficiente en el consumo de combustible. Con su diseño moderno y suave conducción, es una opción atractiva para aquellos que buscan un sedán de tamaño mediano.</p>", "photo": "photos/cars/2023/09/03/car-1.jpg", "photo_1": "photos/cars/2023/09/03/car-2.jpg", "photo_2": "photos/cars/2023/09/03/car-3.jpg", "photo_3": "photos/cars/2023/09/03/car-4.jpg", "photo_4": "photos/cars/2023/09/03/car-5.jpg", "features": "Aire acondicionado,Control de crucero,Interfaz de audio,Airbags,Sistema de alarma,Asistente de estacionamiento", "body_style": "Sedán", "engine": "2000cc", "transmission": "Automática", "interior": "Tela", "kilometres": 27000, "doors": "4", "passengers": 5, "vin_no": "1HGCM82633A123467", "kilometraje": 0, "fuel_type": "Gasolina", "no_of_owners": "1", "is_featured": false, "created_at": "2023-09-03T23:45:00Z", "updated_at": "2023-09-05T17:53:38.441Z"}}, {"model": "cars.car", "pk": 14, "fields": {"title": "Renault Duster 2021", "state": "PT", "city": "Potosí", "brand": "Renault", "color": "Rojo", "model": "Duster", "year": 2021, "condition": "Usado", "normal_price": 17000, "price": 15000, "description": "<p>La Renault Duster es una SUV compacta que se destaca por su robustez y capacidad todoterreno. Es ideal para aventuras fuera de la carretera y para aquellos que buscan un veh&iacute;culo resistente.</p>", "photo": "photos/cars/2023/09/03/car-2.jpg", "photo_1": "photos/cars/2023/09/03/car-2.jpg", "photo_2": "photos/cars/2023/09/03/car-3.jpg", "photo_3": "photos/cars/2023/09/03/car-4.jpg", "photo_4": "photos/cars/2023/09/03/car-5.jpg", "features": "Control de crucero,Interfaz de audio,Airbags,Aire acondicionado,Sistema de alarma,Dirección asistida,Cámara de retroceso", "body_style": "SUV", "engine": "1600cc", "transmission": "Automática", "interior": "Tela", "kilometres": 20000, "doors": "4", "passengers": 5, "vin_no": "1HGCM82633A123468", "kilometraje": 0, "fuel_type": "Gasolina", "no_of_owners": "1", "is_featured": true, "created_at": "2023-09-04T10:00:00Z", "updated_at": "2023-09-05T17:57:31.017Z"}}, {"model": "cars.car", "pk": 15, "fields": {"title": "Hyundai Tucson 2022", "state": "SC", "city": "Santa Cruz de la Sierra", "brand": "Hyundai", "color": "Gris", "model": "Tucson", "year": 2022, "condition": "Nuevo", "normal_price": 25000, "price": 23500, "description": "<p>La Hyundai Tucson es una SUV compacta que ofrece un equilibrio entre estilo y practicidad. Su dise&ntilde;o moderno y su interior bien equipado la convierten en una opci&oacute;n atractiva para familias y aventureros urbanos.</p>", "photo": "photos/cars/2023/09/03/car-3.jpg", "photo_1": "photos/cars/2023/09/03/car-2.jpg", "photo_2": "photos/cars/2023/09/03/car-3.jpg", "photo_3": "photos/cars/2023/09/03/car-4.jpg", "photo_4": "photos/cars/2023/09/03/car-5.jpg", "features": "Control de crucero,Interfaz de audio,Airbags,Aire acondicionado,Sistema de alarma,Asistente de estacionamiento,Cámara de retroceso", "body_style": "SUV", "engine": "2000cc", "transmission": "Automática", "interior": "Tela", "kilometres": 15000, "doors": "4", "passengers": 5, "vin_no": "1HGCM82633A123469", "kilometraje": 0, "fuel_type": "Gasolina", "no_of_owners": "1", "is_featured": true, "created_at": "2023-09-04T11:30:00Z", "updated_at": "2023-09-05T17:57:42.240Z"}}, {"model": "contacts.contact", "pk": 4, "fields": {"first_name": "Juanito", "last_name": "Ortega", "car_id": 10, "car_title": "Ford F-150 2021", "car_price": 34000, "customer_need": "Me gustaría tener una certificación de la concecionaria", "city": "Warnes", "state": "Santa Cruz", "email": "ceo@creativa.dev", "phone": "78489988", "message": "Quiero más información de este auto.", "user_id": 1, "created_at": "2023-09-16T15:48:04.329Z"}}, {"model": "contacts.contact", "pk": 5, "fields": {"first_name": "Juanito", "last_name": "Ortega", "car_id": 15, "car_title": "Hyundai Tucson 2022", "car_price": 23500, "customer_need": "Me gustaría hacer un Test Drive", "city": "Warnes", "state": "Santa Cruz", "email": "ortegaj83@gmail.com", "phone": "", "message": "Hola, necesito más información del auto.", "user_id": 1, "created_at": "2023-09-16T16:18:11.179Z"}}, {"model": "contacts.contact", "pk": 9, "fields": {"first_name": "Juanito", "last_name": "Ortega", "car_id": 14, "car_title": "Renault Duster 2021", "car_price": 15000, "customer_need": "Me gustaría saber cuál es el menor precio que aceptaría", "city": "Santa Cruz de la Sierra", "state": "Santa Cruz", "email": "ceo@creativa.dev", "phone": "62240037", "message": "", "user_id": 0, "created_at": "2023-09-17T00:52:23.020Z"}}, {"model": "contacts.contact", "pk": 13, "fields": {"first_name": "Juanito", "last_name": "Ortega", "car_id": 6, "car_title": "Tesla Model 3 2023", "car_price": 60000, "customer_need": "Me gustaría saber cuál es el menor precio que aceptaría", "city": "Minero", "state": "Santa Cruz", "email": "ortegaj83@gmail.com", "phone": "", "message": "", "user_id": 1, "created_at": "2023-09-17T15:11:14.075Z"}}, {"model": "contacts.contact", "pk": 14, "fields": {"first_name": "Juanito", "last_name": "Ortega", "car_id": 13, "car_title": "Nissan Altima 2020", "car_price": 19000, "customer_need": "Me gustaría saber cuál es el menor precio que aceptaría", "city": "Warnes", "state": "Santa Cruz", "email": "ortegaj83@gmail.com", "phone": "", "message": "", "user_id": 1, "created_at": "2023-09-17T16:46:25.202Z"}}, {"model": "account.emailaddress", "pk": 1, "fields": {"user": 8, "email": "ortegaj83@gmail.com", "verified": true, "primary": true}}, {"model": "account.emailaddress", "pk": 2, "fields": {"user": 9, "email": "jogman@outlook.com", "verified": true, "primary": true}}, {"model": "account.emailaddress", "pk": 3, "fields": {"user": 10, "email": "pesbolivia@gmail.com", "verified": true, "primary": true}}, {"model": "socialaccount.socialapp", "pk": 1, "fields": {"provider": "facebook", "provider_id": "", "name": "Facebook Allauth", "client_id": "328566793032423", "secret": "b234640e12d9fa95f10ca20e81c7ce7c", "key": "", "settings": {}}}, {"model": "socialaccount.socialapp", "pk": 2, "fields": {"provider": "google", "provider_id": "", "name": "auth-google-django", "client_id": "209810358406-28cllq88lv07iufu5fg81aefd817794c.apps.googleusercontent.com", "secret": "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", "key": "", "settings": {}}}, {"model": "socialaccount.socialaccount", "pk": 1, "fields": {"user": 8, "provider": "google", "uid": "112759231243272184681", "last_login": "2023-09-16T00:14:18.225Z", "date_joined": "2023-09-15T23:42:01.833Z", "extra_data": "{\"iss\": \"https://accounts.google.com\", \"azp\": \"209810358406-28cllq88lv07iufu5fg81aefd817794c.apps.googleusercontent.com\", \"aud\": \"209810358406-28cllq88lv07iufu5fg81aefd817794c.apps.googleusercontent.com\", \"sub\": \"112759231243272184681\", \"email\": \"ortegaj83@gmail.com\", \"email_verified\": true, \"at_hash\": \"DUdbkswOYFZQbw_h7XMf1A\", \"name\": \"Juanito Ortega Guzman (jogman)\", \"picture\": \"https://lh3.googleusercontent.com/a/ACg8ocJul8s5sWNqoU17V2i2LgMr2xrA1SEh2udvs8DMcxKaTXc=s96-c\", \"given_name\": \"Juanito\", \"family_name\": \"Ortega Guzman\", \"locale\": \"es\", \"iat\": 1694823258, \"exp\": 1694826858}"}}, {"model": "socialaccount.socialaccount", "pk": 2, "fields": {"user": 9, "provider": "facebook", "uid": "10160758030004831", "last_login": "2023-09-16T00:14:03.985Z", "date_joined": "2023-09-15T23:43:24.389Z", "extra_data": "{\"id\": \"10160758030004831\", \"first_name\": \"Juanito\", \"last_name\": \"Guzm\\u00e1n\", \"middle_name\": \"Ortega\", \"name\": \"Juanito Ortega Guzm\\u00e1n\", \"name_format\": \"{first} {last}\", \"picture\": {\"data\": {\"height\": 50, \"is_silhouette\": false, \"url\": \"https://platform-lookaside.fbsbx.com/platform/profilepic/?asid=10160758030004831&height=50&width=50&ext=1697415244&hash=AeRoUt0dnntOBtRz0us\", \"width\": 50}}, \"short_name\": \"Juanito\"}"}}, {"model": "socialaccount.socialaccount", "pk": 3, "fields": {"user": 10, "provider": "google", "uid": "111856750492341122339", "last_login": "2023-09-15T23:45:55.696Z", "date_joined": "2023-09-15T23:45:55.696Z", "extra_data": "{\"iss\": \"https://accounts.google.com\", \"azp\": \"209810358406-28cllq88lv07iufu5fg81aefd817794c.apps.googleusercontent.com\", \"aud\": \"209810358406-28cllq88lv07iufu5fg81aefd817794c.apps.googleusercontent.com\", \"sub\": \"111856750492341122339\", \"email\": \"pesbolivia@gmail.com\", \"email_verified\": true, \"at_hash\": \"JoYh4IvYbgaca83emYLoVw\", \"name\": \"Juanito Ortega Guzman\", \"picture\": \"https://lh3.googleusercontent.com/a/ACg8ocJtbDmUGm0rx4t1zSwLSDFtbOfO9_24clUVlXb-orBvVw=s96-c\", \"given_name\": \"Juanito\", \"family_name\": \"Ortega Guzman\", \"locale\": \"es\", \"iat\": 1694821555, \"exp\": 1694825155}"}}]